loss,mean_squared_error,mean_absolute_error,r_square
16.58088,16.58088,3.3727326,-1.4314506
17.319328,17.319328,3.2486267,-0.7238523
13.676735,13.676735,2.800254,-0.44336557
10.61006,10.61006,2.7200825,-0.41541183
12.133688,12.133688,2.8116608,-0.27631187
7.6632338,7.6632338,2.2162666,-0.28074932
9.412279,9.412279,2.3468132,-0.83409584
4.8665195,4.8665195,1.9291289,-0.27941358
10.134748,10.134748,2.5509372,-0.57265985
9.130652,9.130652,2.549572,-0.17829716
9.471947,9.471947,2.2917953,-0.17709625
6.310473,6.310473,2.06487,-0.2710315
6.6464863,6.6464863,2.3031032,-1.7541947
7.926735,7.926735,2.3181975,-0.068023205
12.582838,12.582838,2.3598678,-0.0723058
11.181744,11.181744,2.3155189,-0.087999344
5.7679777,5.7679777,1.8730993,-0.44800425
7.9819083,7.9819083,2.0395525,-0.115985036
4.345522,4.345522,1.7342663,-0.23093069
4.566009,4.566009,1.7648925,-0.2873329
6.5609436,6.5609436,1.9967412,-0.100836635
5.2526207,5.2526207,1.9779017,-0.26497734
7.135117,7.135117,2.0818715,-0.16808307
7.4836264,7.4836264,1.6791945,-0.0825305
8.626042,8.626042,2.1319644,-0.00012087822
12.881012,12.881012,2.3430173,-0.21742034
7.3059263,7.3059263,2.0478973,-0.29254818
9.203944,9.203944,2.3606188,-0.15274453
4.6102304,4.6102304,1.7286587,0.015663862
5.378974,5.378974,1.9483789,-0.86650944
13.561255,13.561255,2.701241,-0.08625829
6.247904,6.247904,1.971792,0.1528266
4.730298,4.730298,1.7619928,-0.34588087
3.2443805,3.2443805,1.3729017,-0.07620525
12.099227,12.099227,2.3175585,-0.14053285
8.475911,8.475911,2.2585373,-0.17051017
6.2834187,6.2834187,2.1112475,-0.08101821
8.821761,8.821761,2.18547,0.012949824
7.9612274,7.9612274,2.0300367,0.021276474
8.252057,8.252057,2.0092335,-0.051138997
3.527512,3.527512,1.5247447,-0.93061054
5.2101107,5.2101107,1.793157,0.041129887
6.647479,6.647479,1.6894373,-0.13223863
7.346253,7.346253,2.2256784,0.032467782
8.5839815,8.5839815,2.1047425,0.059289694
9.271946,9.271946,2.190669,-0.0889405
11.00021,11.00021,2.2991447,-0.029635668
6.2623005,6.2623005,2.1694183,-0.009698629
8.464251,8.464251,2.2207289,0.13187176
6.68847,6.68847,2.164235,-3.1584659
9.565786,9.565786,2.2622712,-0.40415215
8.294746,8.294746,1.8649071,-0.15896559
10.11532,10.11532,2.14323,0.0077509284
4.976697,4.976697,1.7100215,-0.5541743
11.976339,11.976339,2.455192,-0.12480712
4.0716295,4.0716295,1.7040186,-0.27464032
4.7230577,4.7230577,1.7378275,-0.40104616
7.4919744,7.4919744,2.0788298,0.043776453
8.424774,8.424774,2.1134205,-0.14294767
6.205491,6.205491,2.142968,-0.10319841
11.805128,11.805128,2.3574967,-0.07405162
10.341233,10.341233,2.3871324,0.05687362
5.188586,5.188586,1.939069,-0.44417298
6.568943,6.568943,2.007462,0.06988418
5.440542,5.440542,1.8519753,-0.42722094
7.9391894,7.9391894,1.9355165,-0.00033593178
3.54385,3.54385,1.5952122,0.114037514
8.471479,8.471479,2.2336538,0.090215504
6.027843,6.027843,2.0258312,-0.26511812
4.3518314,4.3518314,1.7289729,-0.9109243
4.0268707,4.0268707,1.639789,-0.047907352
5.709608,5.709608,1.7678944,-0.13858593
8.831258,8.831258,2.0625582,-0.09534979
15.1680155,15.1680155,2.912827,-0.25908303
6.761298,6.761298,2.1783357,-0.026018023
7.850134,7.850134,2.1478715,-0.03924203
6.7750015,6.7750015,1.7125833,0.12580627
12.586326,12.586326,2.3423164,-0.05175793
7.6562424,7.6562424,2.1616392,-0.024166226
9.410053,9.410053,2.226728,0.022332132
5.096255,5.096255,1.876862,-0.16097105
6.3439636,6.3439636,2.1027594,-0.47139728
10.282652,10.282652,2.5076642,0.044082105
7.0714955,7.0714955,1.9254051,0.016139746
5.355522,5.355522,1.9868718,-0.57406855
4.1225147,4.1225147,1.7657294,-0.25043106
13.085451,13.085451,2.513322,-0.063115
9.099327,9.099327,1.9170294,-0.08295107
6.0850677,6.0850677,2.0032845,-0.33371353
4.570777,4.570777,1.7210151,-0.16342914
10.178219,10.178219,2.2294207,-0.073492646
6.144601,6.144601,2.053096,-0.048678517
6.814064,6.814064,1.8945338,0.08080602
7.0446844,7.0446844,1.9032916,-0.08526504
6.090516,6.090516,1.916911,0.017998993
11.318182,11.318182,2.350019,-0.016026855
7.000842,7.000842,1.917505,0.043514013
4.8249884,4.8249884,1.7170457,-0.019139409
6.657567,6.657567,1.8247861,0.05524546
6.36123,6.36123,1.8914609,-0.15351498
4.730651,4.730651,1.7815194,-0.0196141
15.10314,15.10314,2.7130218,-0.013474107
4.321555,4.321555,1.6939378,-0.111039996
6.4024777,6.4024777,2.1261091,-0.25967443
8.003237,8.003237,1.972057,-0.024542332
3.8923972,3.8923972,1.7252383,-0.88811684
8.864141,8.864141,2.426952,-0.12129474
11.778247,11.778247,2.2244248,-0.123514175
5.2319517,5.2319517,1.7907811,0.067284346
11.336295,11.336295,2.3415594,-0.026199222
4.1820574,4.1820574,1.574539,0.056734204
4.657301,4.657301,1.655412,0.019313991
4.7012,4.7012,1.7733483,-0.09235966
13.660469,13.660469,2.421844,-0.019631147
5.418146,5.418146,1.7935686,0.15100509
7.772733,7.772733,2.18359,-0.29062414
6.107767,6.107767,1.9431118,-0.3629135
13.28503,13.28503,2.68515,0.017912865
5.183004,5.183004,1.9025477,-0.36087072
2.6101122,2.6101122,1.2474003,-0.2017783
7.768648,7.768648,2.3046017,-0.006974101
5.115651,5.115651,1.6892792,0.0670656
4.3794365,4.3794365,1.7275884,-0.06168163
11.557671,11.557671,2.1550226,-0.018945694
6.6703844,6.6703844,1.8270302,-0.04012084
7.573546,7.573546,2.0766885,0.10062498
6.0907583,6.0907583,1.9258113,-0.21152616
8.108262,8.108262,1.7316047,-0.014027834
5.4161835,5.4161835,1.900296,-0.100430965
7.5723176,7.5723176,1.9501246,0.11899006
8.964119,8.964119,2.1122155,-0.122844934
5.0596857,5.0596857,1.7945571,-0.17752683
3.383608,3.383608,1.5259533,-0.31691933
5.7125177,5.7125177,1.8874764,0.006349921
10.004922,10.004922,2.263473,-0.08081448
11.423985,11.423985,2.6391196,-0.18127441
3.0281153,3.0281153,1.4907787,0.0566504
6.693623,6.693623,1.6963828,0.14620453
6.668528,6.668528,2.050032,0.009777725
4.313917,4.313917,1.6996173,-0.23254776
11.227505,11.227505,2.5131173,-0.009302497
7.920576,7.920576,2.0383897,-0.030318856
8.043956,8.043956,1.8954403,0.08544171
8.156492,8.156492,2.2298458,-0.17191637
8.651638,8.651638,2.1187744,0.08327013
5.4959397,5.4959397,1.5080576,0.065608144
7.9018383,7.9018383,2.298597,-0.07271409
6.5216117,6.5216117,1.9819564,-0.13496435
3.4861329,3.4861329,1.4351201,-0.20114398
7.2752194,7.2752194,1.9068208,-0.04164219
5.9505343,5.9505343,2.143405,-0.13343513
8.23617,8.23617,2.1283958,-0.131755
10.331546,10.331546,2.238495,0.09142023
8.611662,8.611662,2.1894417,0.0717535
7.8179827,7.8179827,2.0844955,0.015904844
3.5873938,3.5873938,1.5200912,-0.07444215
7.582524,7.582524,2.2916873,-0.15818977
6.778961,6.778961,1.7346905,0.13478047
7.195958,7.195958,1.8167253,0.061914563
4.7642717,4.7642717,1.7927184,0.028164506
3.5928397,3.5928397,1.5482267,-0.9171797
6.4470196,6.4470196,1.7801349,0.11027652
5.0242615,5.0242615,1.7504054,-0.086556196
3.222299,3.222299,1.5020905,0.20605528
9.473311,9.473311,2.2934802,-0.10637212
10.241797,10.241797,2.3246398,0.043712914
5.6688294,5.6688294,1.6102496,0.013446391
12.050225,12.050225,2.243754,-0.020462394
6.029959,6.029959,2.0896132,0.18591344
6.39964,6.39964,2.0743728,-0.2265079
9.417897,9.417897,2.2203047,0.093530715
5.508883,5.508883,1.8552078,-0.14563286
10.495723,10.495723,2.2539535,-0.037014723
6.551442,6.551442,1.9635214,-0.06843078
9.722292,9.722292,2.508114,-0.058208704
9.204285,9.204285,2.3101325,0.16257775
5.50253,5.50253,1.7755635,-0.026711106
3.6947408,3.6947408,1.5498593,0.020601988
3.8877313,3.8877313,1.6018794,-0.40622985
6.67534,6.67534,1.9334435,0.10423952
8.41049,8.41049,2.0542672,0.07034308
2.1405137,2.1405137,1.1729013,-0.33334434
8.20648,8.20648,2.023838,-0.018351316
7.736831,7.736831,2.1216688,-0.15572798
9.837834,9.837834,2.0855067,0.040119827
9.924588,9.924588,2.1759958,0.04260212
11.473618,11.473618,2.6847417,0.08375698
2.9676774,2.9676774,1.4380727,0.04766482
5.541691,5.541691,1.699733,0.1379779
6.717951,6.717951,2.1414082,-0.50364625
4.391231,4.391231,1.6919228,-0.19084227
3.6571472,3.6571472,1.526751,-0.13105369
3.7728844,3.7728844,1.5046134,-0.027508974
5.0534754,5.0534754,1.7063723,0.109029114
14.520849,14.520849,2.5543082,0.054856002
9.542568,9.542568,2.1225653,0.0016765594
12.456998,12.456998,2.440236,0.041769385
3.178019,3.178019,1.4036212,-0.12100983
5.600198,5.600198,1.8287783,-0.12355065
6.2087345,6.2087345,1.6821842,-0.11480701
6.41624,6.41624,2.1201773,-0.17012107
3.1666913,3.1666913,1.4678055,-0.32085204
7.756238,7.756238,2.1091473,0.02463615
5.266298,5.266298,1.4877298,0.13133234
10.687425,10.687425,2.337702,0.15110743
9.855508,9.855508,2.2062051,-0.07316458
3.6304517,3.6304517,1.4503897,-0.08701241
6.3370347,6.3370347,1.8621157,0.009646535
8.936089,8.936089,2.5546486,0.20540512
7.56938,7.56938,2.1002512,0.0122282505
8.32029,8.32029,2.1932993,-0.05654466
6.287588,6.287588,1.9846727,-0.07093978
5.485133,5.485133,1.9501665,-0.269902
4.510707,4.510707,1.592617,-0.031248927
5.355224,5.355224,1.8959482,0.04779482
3.0552554,3.0552554,1.4309583,-0.55496097
7.2743607,7.2743607,1.7433399,-0.048704147
6.826762,6.826762,1.7880459,-0.107685685
10.706481,10.706481,2.0411346,-0.08174014
7.8448043,7.8448043,1.9433932,0.022739708
11.191188,11.191188,2.2573166,0.041151464
7.6034613,7.6034613,1.9668694,0.056935012
5.6968527,5.6968527,1.8173908,0.059707105
8.301341,8.301341,2.0428112,0.08230883
5.67988,5.67988,1.8612063,-0.053849816
7.2771416,7.2771416,2.0927925,-0.070813775
5.7162867,5.7162867,1.9122986,-0.05145991
7.350853,7.350853,2.047878,0.16650718
10.00797,10.00797,2.3483143,-0.050446987
5.8154907,5.8154907,2.0358706,-0.13820004
8.734175,8.734175,1.9598749,0.12074369
4.3228493,4.3228493,1.6504852,-0.09596372
8.577718,8.577718,2.0439413,-0.12725651
4.791607,4.791607,1.766608,-0.018953443
7.9794984,7.9794984,1.9228137,0.04888761
6.752715,6.752715,1.7559713,0.043334246
8.133663,8.133663,2.1121829,0.15184611
5.0622435,5.0622435,1.8840349,-0.07301533
5.1038356,5.1038356,1.790057,0.006967962
11.55054,11.55054,2.5131643,0.14736497
3.934336,3.934336,1.6345336,-0.05354607
6.0621886,6.0621886,2.0548446,-0.06606233
6.98075,6.98075,2.0390182,-0.16668653
6.8796167,6.8796167,1.7262995,0.025895
3.7029085,3.7029085,1.527055,-0.2489388
7.589384,7.589384,1.9663904,-0.021628618
9.503592,9.503592,2.1091,0.0061066747
8.807789,8.807789,2.0938988,-0.08001149
5.0835776,5.0835776,1.7206492,-0.09269178
3.8741374,3.8741374,1.4889138,0.14630586
4.393503,4.393503,1.650655,0.01834011
7.9107146,7.9107146,1.9777387,0.1113897
14.025668,14.025668,2.6642258,-0.038938403
7.7153463,7.7153463,2.0411484,-0.09243846
3.998084,3.998084,1.610435,-0.04680085
5.5700493,5.5700493,1.9616883,0.091618
6.256323,6.256323,2.0152597,-0.032137036
10.389374,10.389374,2.343339,0.11550391
3.8591232,3.8591232,1.5575309,0.011075556
6.0476103,6.0476103,1.7381688,0.10323423
3.1821318,3.1821318,1.4445388,-0.10121763
4.280288,4.280288,1.5524306,0.1648218
2.9915638,2.9915638,1.3979068,-0.05342555
4.5321383,4.5321383,1.7228701,-0.088648796
5.9848814,5.9848814,1.6848439,0.056425154
3.6101394,3.6101394,1.4965851,0.22450542
11.2329235,11.2329235,2.479069,-0.09631276
8.734199,8.734199,1.9399226,-0.035643697
6.9366035,6.9366035,2.1055121,-0.03724909
12.730137,12.730137,2.4550977,0.06541008
10.326548,10.326548,2.2675068,0.13833243
4.623576,4.623576,1.7513741,-0.3273176
9.047376,9.047376,2.2091432,0.14557463
4.039964,4.039964,1.6120931,-0.39056242
5.554625,5.554625,1.911618,-0.23436117
6.83521,6.83521,2.0628734,-0.12239492
4.442442,4.442442,1.6480522,0.22410703
8.198476,8.198476,2.0843878,-0.029332876
9.734661,9.734661,2.3457212,-0.004969597
13.966513,13.966513,2.4996698,-0.014665365
6.7459927,6.7459927,1.8445637,-0.046809554
3.747158,3.747158,1.5452466,0.14043689
7.3016663,7.3016663,2.014629,-0.037450552
3.537695,3.537695,1.6182054,-0.053081274
8.131532,8.131532,1.9276524,0.17385769
6.9364376,6.9364376,2.2304482,0.17654264
8.366337,8.366337,2.1184893,0.099996984
7.199958,7.199958,1.8351568,0.27597398
5.838417,5.838417,1.6862178,-0.040832043
13.02996,13.02996,2.496189,0.08561689
4.341753,4.341753,1.707505,-0.054793596
4.383073,4.383073,1.714395,-0.9221698
3.7968187,3.7968187,1.5287054,-0.010642648
8.247828,8.247828,2.1038775,0.058966517
4.2372084,4.2372084,1.7012815,0.19035244
5.6684785,5.6684785,1.8275284,-0.019768476
8.3142185,8.3142185,2.0847886,0.102586746
5.7870574,5.7870574,1.6835712,0.10049379
4.8545327,4.8545327,1.6548222,-0.02871883
6.17027,6.17027,1.718555,-0.01777649
5.071496,5.071496,1.630903,0.11665046
2.387296,2.387296,1.3042158,-0.10916114
6.869784,6.869784,1.6926589,0.026075244
6.7315927,6.7315927,1.7728037,-0.0024943352
10.361334,10.361334,2.250019,0.14648813
7.6549697,7.6549697,2.1417456,0.06815398
7.3030677,7.3030677,2.2657776,-0.012228131
4.2646303,4.2646303,1.5867949,0.025227368
8.333453,8.333453,2.096023,0.027526379
9.486452,9.486452,2.2980683,0.26801848
5.0688,5.0688,1.7774413,0.09636992
3.6400282,3.6400282,1.6439818,-0.014262319
5.572219,5.572219,1.556142,0.21057665
7.3735857,7.3735857,1.8693032,0.19158977
8.73904,8.73904,2.068753,0.084617674
8.784859,8.784859,2.280687,-0.058940053
8.387578,8.387578,2.1758537,-0.009506345
6.299184,6.299184,1.7250538,-0.10754883
5.0560217,5.0560217,1.7967811,0.04950136
5.574183,5.574183,1.6678574,0.12076968
6.266179,6.266179,1.7838426,0.08855575
5.531764,5.531764,1.8632319,0.20575905
6.408639,6.408639,2.0849185,-0.00052547455
4.835129,4.835129,1.7888448,-0.059754252
5.7845454,5.7845454,1.7756349,0.102941394
12.269716,12.269716,2.4187877,0.06405026
3.0040355,3.0040355,1.4253274,-0.20161414
7.7230926,7.7230926,1.9882458,0.052085996
4.371283,4.371283,1.662917,0.10260749
4.896268,4.896268,1.845314,-0.020720363
7.8911695,7.8911695,1.7532985,-0.01731813
6.779222,6.779222,1.8471851,0.072431386
5.6336613,5.6336613,1.7581646,0.035789907
7.2493973,7.2493973,1.8792956,0.165537
5.2210274,5.2210274,1.8055152,0.02225089
11.10448,11.10448,2.114524,0.10464668
5.067601,5.067601,1.8022139,-0.040341496
3.4086683,3.4086683,1.5768616,-0.6817486
7.086582,7.086582,1.8732886,-0.0084296465
3.7969272,3.7969272,1.7057967,-0.8629868
6.1085076,6.1085076,1.918629,0.073042095
8.648048,8.648048,2.0105464,-0.028883696
4.5161085,4.5161085,1.8071344,-0.08888507
3.9807198,3.9807198,1.6709495,0.0026285648
4.564681,4.564681,1.7225785,-0.075030684
2.8829684,2.8829684,1.303365,0.14578712
10.740675,10.740675,2.0244803,0.09283644
5.8838806,5.8838806,2.0651522,0.054887235
12.061636,12.061636,2.5274632,0.067065835
3.0088415,3.0088415,1.3810349,-0.10037637
18.209848,18.209848,2.869571,-0.054254413
8.028893,8.028893,2.097219,0.20938677
4.4754114,4.4754114,1.7031374,-0.022951126
6.9554253,6.9554253,2.274529,-0.40452683
6.3286505,6.3286505,2.1020298,-1.7945399
4.794545,4.794545,1.9213653,-0.1986363
6.5190353,6.5190353,1.9724845,0.049481392
4.866278,4.866278,1.7315338,0.10745674
10.493565,10.493565,2.5124931,-0.08946669
2.9080653,2.9080653,1.2513971,-0.29472125
3.5937064,3.5937064,1.5041105,-0.046631217
10.700163,10.700163,2.0224683,-0.019063115
9.050821,9.050821,2.0606146,-0.07083082
21.519875,21.519875,3.0742867,-0.064882874
3.8103135,3.8103135,1.4322307,0.035888076
4.1591744,4.1591744,1.7588131,0.06907219
8.292276,8.292276,1.9256264,-0.0052434206
3.9689145,3.9689145,1.6395698,-0.28450334
8.896565,8.896565,2.2290757,-0.03160262
5.303177,5.303177,1.9682832,-0.15051973
9.349759,9.349759,2.1558332,-0.0321424
7.974369,7.974369,2.0445027,0.09740752
5.4240103,5.4240103,1.8853517,-0.10928428
14.4546995,14.4546995,2.5902655,0.102715075
7.6043086,7.6043086,2.2424269,0.11983585
3.7859247,3.7859247,1.56724,-0.21796632
4.381665,4.381665,1.7695282,0.068222284
6.4549794,6.4549794,1.762088,-0.034251094
7.5450387,7.5450387,2.2910867,0.04178101
8.78224,8.78224,2.1340146,0.18593162
4.7560053,4.7560053,1.4042916,0.29120225
4.04513,4.04513,1.5717614,0.015633821
7.4344206,7.4344206,1.7814529,0.08664107
6.032837,6.032837,1.7844673,0.05309242
7.9941216,7.9941216,1.8616594,0.052548528
9.213805,9.213805,2.251445,0.047264814
10.0785475,10.0785475,2.3230848,0.110844076
3.441362,3.441362,1.3717802,-0.060154796
4.113544,4.113544,1.730403,-0.33131135
3.6930583,3.6930583,1.426629,-0.033800125
7.941284,7.941284,2.1603386,0.13333952
8.650455,8.650455,2.193794,-0.0047715902
4.5562944,4.5562944,1.5477536,0.1417135
12.518381,12.518381,2.2248833,0.027403474
8.672111,8.672111,1.9187195,0.09863567
8.148279,8.148279,2.1489592,0.10358423
3.5181808,3.5181808,1.4629917,0.2664188
4.620058,4.620058,1.7037826,-0.33529198
3.5520167,3.5520167,1.4813534,0.12037116
6.89391,6.89391,2.1733732,-0.031015635
3.1929004,3.1929004,1.4230416,-0.5136713
6.386757,6.386757,1.7662903,0.14920789
4.791472,4.791472,1.5071454,0.22697592
11.103969,11.103969,2.2120423,0.057409942
8.341419,8.341419,2.1646156,-0.03912568
6.8095694,6.8095694,2.102062,0.035813212
8.040594,8.040594,1.8425412,-0.009139419
6.0332475,6.0332475,1.7112286,0.1414612
5.265028,5.265028,1.8111792,-0.17844558
3.4729037,3.4729037,1.5429661,0.043760836
4.206687,4.206687,1.5337075,-0.28241956
3.4666858,3.4666858,1.5062768,-0.40924418
6.783188,6.783188,1.9052675,0.111198425
8.581291,8.581291,2.1334288,0.07851905
7.656514,7.656514,2.0250483,0.06918311
8.716195,8.716195,1.8520653,0.16363227
5.9000597,5.9000597,1.9261957,0.1781171
8.154009,8.154009,1.9850205,0.10784215
12.122557,12.122557,2.5298605,-0.06902325
3.0290155,3.0290155,1.3122402,0.13625401
10.398348,10.398348,2.304266,0.090544224
3.3587265,3.3587265,1.5249023,-0.48824573
5.5644064,5.5644064,1.8471968,0.20464098
6.1863985,6.1863985,1.8287836,0.091383815
7.719798,7.719798,1.9745793,0.085060954
4.090312,4.090312,1.6012964,0.08787465
3.8303862,3.8303862,1.5754539,-0.26403975
7.016791,7.016791,1.9269549,0.11501491
5.2997684,5.2997684,1.5001941,0.22831297
7.135597,7.135597,1.8867333,0.022102296
7.754752,7.754752,1.7632815,0.18829948
3.594739,3.594739,1.4324288,-0.10111058
7.8276405,7.8276405,1.7800593,0.013840556
7.1424646,7.1424646,1.865396,0.19486088
6.8825006,6.8825006,1.9508884,0.16851336
5.64617,5.64617,1.726652,0.056360662
4.756228,4.756228,1.705895,-0.018055439
4.5149527,4.5149527,1.8273382,-0.17492032
10.172802,10.172802,2.4290917,0.11269599
4.930588,4.930588,1.7952813,-0.14358366
8.420544,8.420544,2.2340088,0.17526191
4.62475,4.62475,1.6673923,-0.019298434
3.553163,3.553163,1.3234653,0.35212982
6.857895,6.857895,1.953645,0.04156077
4.116001,4.116001,1.6747289,-0.10798764
5.781801,5.781801,1.5417355,0.17724228
8.605776,8.605776,2.0219083,0.047832012
6.453342,6.453342,1.821125,-0.007965565
7.8115807,7.8115807,1.9528031,0.07030934
4.3654127,4.3654127,1.7437571,0.17448151
6.44793,6.44793,2.0982695,0.021535218
8.427641,8.427641,2.2970161,0.0885188
4.582144,4.582144,1.6377238,0.0833922
7.293537,7.293537,2.0566058,0.07187992
8.424308,8.424308,1.8367051,0.24951875
5.328811,5.328811,1.6986868,-0.012187481
4.699867,4.699867,1.816025,0.028921783
8.947395,8.947395,1.8251014,0.07779235
6.954087,6.954087,1.9613112,-0.058567643
4.81824,4.81824,1.5613565,0.19473183
8.60022,8.60022,2.145125,4.2557716e-05
5.3796377,5.3796377,1.6638002,0.08370775
6.080697,6.080697,1.7336107,0.15947169
9.124144,9.124144,2.058419,0.03708923
5.163353,5.163353,1.7133813,0.22790986
6.69802,6.69802,2.048489,0.23314261
7.327754,7.327754,1.9850202,0.020926416
3.7484014,3.7484014,1.5154972,-0.0955472
3.4361925,3.4361925,1.5011914,-0.23940158
3.301694,3.301694,1.4876652,-0.1136148
3.2275333,3.2275333,1.3919694,0.04369384
8.826347,8.826347,2.2454476,-0.017813087
2.7101064,2.7101064,1.2863426,0.27428114
11.346757,11.346757,2.2095976,0.1202333
12.248956,12.248956,2.4434624,-0.0377208
5.366781,5.366781,1.8430184,0.19737345
3.5839975,3.5839975,1.5594351,0.17786437
6.4979234,6.4979234,1.799808,0.17312372
5.0489435,5.0489435,1.6865678,0.17515665
6.1360826,6.1360826,1.7701929,0.09042436
9.97982,9.97982,2.4138954,0.22505486
4.839716,4.839716,1.6655526,-0.07642686
6.825492,6.825492,1.8768947,0.18766809
5.8420897,5.8420897,1.9572549,0.17723835
4.727707,4.727707,1.5780773,-0.10858071
6.604228,6.604228,1.7949435,0.06475878
3.0933754,3.0933754,1.4158163,-0.233976
5.824197,5.824197,1.8099043,0.20649582
3.713225,3.713225,1.3852873,0.16888696
6.657832,6.657832,1.7757032,0.05086732
7.494787,7.494787,2.028897,0.27971262
11.934595,11.934595,2.0658193,0.03284067
3.120781,3.120781,1.3552065,-0.15827465
11.52364,11.52364,2.4732404,0.14770138
4.6595,4.6595,1.831324,0.3513692
9.754871,9.754871,2.2427154,0.23391455
6.763656,6.763656,2.1169753,0.3169641
5.1168694,5.1168694,1.8867618,-0.29215145
2.425436,2.425436,1.2625121,-0.5378616
2.3377724,2.3377724,1.2857211,0.26568133
13.198759,13.198759,2.4275987,-0.20031345
6.521982,6.521982,1.9660001,0.22666633
4.9858704,4.9858704,1.7051525,-0.99434817
4.104392,4.104392,1.5645014,0.21455848
8.585432,8.585432,1.8178742,0.17466366
7.432141,7.432141,1.8786678,0.16697544
3.8612647,3.8612647,1.7196472,0.012234628
7.543023,7.543023,1.8818835,0.24303651
7.535983,7.535983,2.1489706,-0.00807929
4.570097,4.570097,1.5160328,0.23782098
4.7994404,4.7994404,1.7445505,0.06849378
3.6367,3.6367,1.4161247,0.10135603
2.531506,2.531506,1.3485994,0.0738613
8.059188,8.059188,1.7538295,0.07894993
6.7875533,6.7875533,1.8630892,0.025455058
8.699295,8.699295,2.3039842,-0.079505324
5.169792,5.169792,1.755379,0.30744803
5.988476,5.988476,1.8713574,0.12095767
4.692912,4.692912,1.7394813,0.23854506
11.478886,11.478886,1.8957686,0.081537366
4.8412266,4.8412266,1.7269174,-0.040599465
4.6716895,4.6716895,1.7224269,0.105997026
6.5095625,6.5095625,1.728251,0.16500163
10.142067,10.142067,2.0917673,0.19710273
3.8991125,3.8991125,1.6467094,-0.4362198
10.05469,10.05469,2.2545009,0.16853726
5.86403,5.86403,1.8387547,0.19636422
5.084543,5.084543,1.8261993,-0.37340343
4.3053927,4.3053927,1.7322903,0.2254529
1.9857817,1.9857817,1.0810295,0.30929333
6.3635488,6.3635488,2.0611255,0.06146133
7.1667147,7.1667147,1.8715845,0.12790066
10.980992,10.980992,2.3496563,-0.07914734
6.245697,6.245697,1.8580059,0.038545728
4.831584,4.831584,1.7706299,0.015022516
3.227464,3.227464,1.4956553,-0.19096327
4.215555,4.215555,1.6386719,0.16065943
4.8435965,4.8435965,1.7905585,-0.54995084
5.2601767,5.2601767,1.6852918,0.357229
13.640509,13.640509,2.6020398,0.06306136
8.080554,8.080554,1.8368893,0.12854266
4.776013,4.776013,1.7465904,0.19561887
8.43475,8.43475,2.3399534,-0.016737342
10.526505,10.526505,2.3534257,0.15364778
1.8378495,1.8378495,1.120517,0.316149
3.9522035,3.9522035,1.6174148,0.10151875
8.816931,8.816931,2.0573368,0.2694767
3.990064,3.990064,1.5692928,0.09904623
2.8747969,2.8747969,1.4225159,0.088044584
4.804595,4.804595,1.6774614,0.070839405
8.531649,8.531649,2.008235,0.19197112
3.8259106,3.8259106,1.3828175,0.25291145
4.33199,4.33199,1.6181657,0.015981019
6.861402,6.861402,1.8596241,0.115438044
6.550801,6.550801,1.8656753,0.14340186
5.7859745,5.7859745,1.620482,0.036768377
3.1338296,3.1338296,1.4626063,0.11229831
7.4975166,7.4975166,1.9946074,0.12983602
9.774904,9.774904,2.5305002,0.3005538
3.5360713,3.5360713,1.4973755,-0.28767323
4.1244116,4.1244116,1.5537906,-0.00080513954
12.71479,12.71479,2.4157357,-0.012201309
6.2211685,6.2211685,1.585257,0.14271611
3.0776327,3.0776327,1.2871789,0.4136752
5.2508736,5.2508736,1.8252697,0.11081618
8.932151,8.932151,1.9858329,0.18327332
5.7746105,5.7746105,1.4771261,0.07822275
3.9625487,3.9625487,1.6555535,0.13667023
3.882085,3.882085,1.6477604,-0.72837174
9.241005,9.241005,2.3567739,0.27164495
5.9455156,5.9455156,1.8266281,0.19965714
7.165069,7.165069,2.2611418,0.049631953
3.5542917,3.5542917,1.6012399,0.27076846
2.7691526,2.7691526,1.3422726,-0.09103978
6.756144,6.756144,1.743237,0.18175143
3.0311713,3.0311713,1.2634759,0.2761382
9.617173,9.617173,1.960324,0.042676628
8.119183,8.119183,2.1023786,0.09933454
6.7231383,6.7231383,1.7333765,0.06549561
6.484638,6.484638,1.715389,0.0652774
5.826881,5.826881,1.8325186,-0.36133385
7.5044675,7.5044675,2.115392,0.11671555
4.6220984,4.6220984,1.6923709,0.33933157
9.003055,9.003055,2.1376286,0.30447924
2.6573951,2.6573951,1.526683,0.33150768
6.8538184,6.8538184,1.9417527,0.18618852
4.555137,4.555137,1.6987832,0.2924059
5.8098373,5.8098373,1.6331422,-0.12868023
8.344762,8.344762,2.2990656,0.071897864
6.838058,6.838058,1.8216178,0.09532672
3.8173795,3.8173795,1.4742553,0.25286764
4.5921617,4.5921617,1.2972939,0.27566642
3.1809905,3.1809905,1.5067708,0.27919137
2.8276782,2.8276782,1.4505008,0.3169279
7.0906935,7.0906935,1.9252815,0.29086143
4.1669245,4.1669245,1.6049559,0.2025919
7.368027,7.368027,1.831759,0.07436389
8.901596,8.901596,1.8625001,0.25473577
7.1870975,7.1870975,2.0707583,0.094093084
6.5474043,6.5474043,1.8711716,0.2602293
5.5383844,5.5383844,1.8870662,-0.063037634
9.938095,9.938095,1.7299013,-0.03927791
7.6395826,7.6395826,1.8572202,0.03265333
3.1646528,3.1646528,1.4510356,0.015612245
7.0494137,7.0494137,1.9530075,-0.06469023
5.828951,5.828951,1.720462,0.28224558
3.7695727,3.7695727,1.4817964,0.16158938
3.2305925,3.2305925,1.3978345,0.30149353
3.2311528,3.2311528,1.4357096,0.09869236
7.8892536,7.8892536,2.1461687,0.26074344
10.271786,10.271786,2.4883146,0.109680474
7.0579963,7.0579963,1.8499639,0.04095167
9.121147,9.121147,2.321538,0.1801216
3.9424944,3.9424944,1.6079729,0.12312895
6.013497,6.013497,1.7794222,0.2922045
7.8738503,7.8738503,1.9735453,-0.007978797
4.6918817,4.6918817,1.5465428,0.21890962
7.1417575,7.1417575,1.8679757,0.07836676
4.260732,4.260732,1.5888338,0.19665074
5.5982876,5.5982876,1.6441629,0.08817458
4.0311313,4.0311313,1.5154846,0.31339347
5.1162353,5.1162353,1.774371,0.28035372
4.4851975,4.4851975,1.5974071,-0.059234858
7.746152,7.746152,2.0125933,0.15350246
2.0076647,2.0076647,1.1943966,0.0850696
3.1674733,3.1674733,1.2206235,0.42039084
6.3754034,6.3754034,1.6847106,0.2631588
5.4931803,5.4931803,1.8955153,0.21350437
8.001459,8.001459,1.9462548,0.16290414
4.178627,4.178627,1.5311418,-0.06546664
6.9696035,6.9696035,2.120082,0.13555306
5.2622385,5.2622385,1.9021008,0.27329302
5.778821,5.778821,1.630106,0.09559643
7.370393,7.370393,1.7937634,0.113336205
2.9399822,2.9399822,1.3881547,0.22568369
7.4948635,7.4948635,1.6285833,0.25102562
7.573148,7.573148,1.943948,0.22277278
7.7696314,7.7696314,1.8748614,0.22786272
3.2683585,3.2683585,1.3940003,0.081559
4.679386,4.679386,1.5055258,0.3300208
6.741537,6.741537,1.7037724,0.23287767
8.203298,8.203298,2.2043827,0.19937319
5.705097,5.705097,1.8923202,0.026330054
6.201284,6.201284,1.9981899,0.2116555
2.9999897,2.9999897,1.3066597,-0.23274052
8.887918,8.887918,2.1550245,0.15822893
6.8573885,6.8573885,1.6733851,0.27029347
3.0924597,3.0924597,1.2169164,0.152161
7.318278,7.318278,1.8662949,0.022192538
4.7597218,4.7597218,1.780732,-0.6889336
3.585795,3.585795,1.5232537,-0.13750124
2.2201066,2.2201066,1.1286327,0.063678265
4.5915365,4.5915365,1.6431398,0.19655955
5.18785,5.18785,1.751222,0.3879066
4.0375776,4.0375776,1.6516947,0.15829003
9.540129,9.540129,2.0339065,0.20473039
8.609865,8.609865,2.176324,0.19842696
5.190301,5.190301,1.6262466,0.22557652
4.906991,4.906991,1.3724031,0.059562266
3.9521227,3.9521227,1.6435292,0.28938127
7.252496,7.252496,2.1094174,0.15289658
5.199249,5.199249,1.7992512,0.30531955
5.896678,5.896678,1.5718001,0.28435498
7.47569,7.47569,1.5837579,0.32423145
4.6006994,4.6006994,1.5999874,0.40844852
4.3341565,4.3341565,1.54974,0.32744718
3.3040445,3.3040445,1.4645259,-0.33887672
4.8602777,4.8602777,1.5143753,0.37842834
6.7498393,6.7498393,2.0202942,0.3110212
5.8239903,5.8239903,1.8131664,0.18970567
3.2057893,3.2057893,1.5193617,0.08406019
4.8197193,4.8197193,1.7170429,0.26458162
7.09503,7.09503,1.7376423,0.2663526
4.660042,4.660042,1.5217404,0.28979272
5.8051043,5.8051043,1.7398822,0.0059487224
5.9218097,5.9218097,1.7890506,-0.022166848
10.661975,10.661975,2.1435714,0.10677719
2.6489658,2.6489658,1.3763201,0.5113419
7.6920114,7.6920114,2.162507,0.28342253
3.7563255,3.7563255,1.6095196,0.32929778
4.7290726,4.7290726,1.5830574,0.33617955
5.851185,5.851185,1.6895384,0.053008795
5.0473046,5.0473046,1.5654382,0.32385665
5.106127,5.106127,1.6267924,0.28609043
4.6874623,4.6874623,1.5394552,0.19138116
4.2610664,4.2610664,1.4715614,0.43858314
2.8206983,2.8206983,1.2989488,0.27134335
3.1015058,3.1015058,1.324861,0.16224164
5.480594,5.480594,1.8218453,0.38196474
5.3073215,5.3073215,1.7580137,0.26068598
7.377626,7.377626,1.8821883,0.19390857
2.7589073,2.7589073,1.2856393,0.51986384
6.1955767,6.1955767,1.8808722,-0.30245745
5.5812845,5.5812845,1.5704858,0.104756355
6.7225423,6.7225423,1.9932315,0.32537407
3.498507,3.498507,1.3928246,0.4029215
4.4325867,4.4325867,1.5705276,0.38454664
6.3574996,6.3574996,1.961988,0.29597926
6.6434917,6.6434917,1.787622,0.38014257
3.1642246,3.1642246,1.3403099,-1.4417226
3.9388237,3.9388237,1.6480937,-0.23608816
6.030383,6.030383,1.4548076,0.32764214
3.9232981,3.9232981,1.6390729,0.026542962
3.50229,3.50229,1.3046061,0.19660729
6.638501,6.638501,1.5485067,-0.092371106
8.797319,8.797319,2.0800872,0.32246876
4.508427,4.508427,1.3717124,0.24663359
4.1698217,4.1698217,1.6788573,0.24386448
4.457789,4.457789,1.6007423,0.15825635
6.1025157,6.1025157,2.0091548,-0.01329267
4.4639874,4.4639874,1.6983147,0.50890386
8.288807,8.288807,2.2225392,0.31278938
3.3243752,3.3243752,1.3816462,0.26571178
3.9748673,3.9748673,1.4442174,0.43334758
4.001076,4.001076,1.5390159,0.44559944
3.875937,3.875937,1.6162864,-0.31640446
7.0804687,7.0804687,1.8832854,0.04348284
6.4413233,6.4413233,1.8089224,0.44734687
3.1980557,3.1980557,1.3900008,-0.10374427
3.6955893,3.6955893,1.583173,-0.08029783
3.7128353,3.7128353,1.5751743,-0.82172656
6.6003885,6.6003885,1.9048939,0.17726135
3.4846685,3.4846685,1.3815062,0.39138657
4.722746,4.722746,1.5134792,0.4023614
2.741199,2.741199,1.2501767,0.15553916
5.916298,5.916298,1.7932471,0.34913093
5.6381874,5.6381874,1.8949295,0.06456512
13.303242,13.303242,2.6503954,0.41214567
3.6908443,3.6908443,1.4468911,0.33636093
6.0964127,6.0964127,1.9982821,0.27062428
4.2999744,4.2999744,1.6931458,0.5013958
4.673914,4.673914,1.7802132,0.23776269
4.4809656,4.4809656,1.7055813,0.28124863
2.8229048,2.8229048,1.286327,0.5930375
4.9988613,4.9988613,1.435679,0.37322956
3.635189,3.635189,1.400665,0.28068918
11.415696,11.415696,2.3702543,-0.17946458
7.4607425,7.4607425,2.0130982,0.22225386
4.0066347,4.0066347,1.6954098,-0.0552454
7.0484023,7.0484023,2.0746472,0.06882155
3.5572138,3.5572138,1.4700946,0.39547348
3.9274335,3.9274335,1.5732932,0.3315007
5.1816883,5.1816883,1.8190167,0.15710104
7.8127966,7.8127966,2.0308416,0.32039553
4.45155,4.45155,1.8450483,0.10689908
4.8143425,4.8143425,1.480068,0.42941123
3.5570755,3.5570755,1.5872307,-0.094484806
3.0878787,3.0878787,1.4290023,0.12458807
4.7166476,4.7166476,1.7042134,0.28425503
4.4247766,4.4247766,1.5652559,0.26718885
6.1610403,6.1610403,1.8078314,0.1826784
5.9245567,5.9245567,1.5213692,0.3344947
8.536022,8.536022,2.0143826,0.23479939
3.1812575,3.1812575,1.3432412,0.45936495
6.608845,6.608845,1.9502212,0.33541614
3.3834505,3.3834505,1.3559895,0.18517089
4.8186765,4.8186765,1.5990014,0.5497468
4.564986,4.564986,1.7065644,0.04969591
6.126242,6.126242,1.9807822,0.43320638
2.5545118,2.5545118,1.2878666,0.32425213
4.309864,4.309864,1.5587204,0.43758112
8.920408,8.920408,2.0487697,0.28278124
3.5745583,3.5745583,1.6365833,0.2423209
3.009659,3.009659,1.399702,0.025951028
6.039226,6.039226,1.690336,0.36429197
3.6060638,3.6060638,1.5200378,-0.4566506
3.3810554,3.3810554,1.5293368,-0.5841538
1.9558256,1.9558256,1.1389835,0.10430884
6.795928,6.795928,1.8267642,0.11134845
2.6676116,2.6676116,1.1245985,0.23931098
4.615897,4.615897,1.4864936,0.40168625
3.1877236,3.1877236,1.361223,0.5243729
4.1976213,4.1976213,1.4189229,0.41471076
3.9927514,3.9927514,1.599576,0.2676738
7.65173,7.65173,1.9228487,0.2068659
8.589639,8.589639,2.33868,0.17942065
5.3939705,5.3939705,1.7288102,0.4395306
7.164029,7.164029,2.2298484,0.05610323
3.8304875,3.8304875,1.6352601,-0.6188276
6.613008,6.613008,1.9405173,0.26656836
5.39034,5.39034,1.7256165,0.34538567
5.047437,5.047437,1.59639,0.35897613
3.5326567,3.5326567,1.3381104,0.20791757
3.565177,3.565177,1.4092605,0.3488958
8.192015,8.192015,2.3380284,-0.053317785
5.976722,5.976722,1.7895564,0.34662503
6.38924,6.38924,1.7550008,0.28512
4.09726,4.09726,1.5779912,-0.13149786
5.9880185,5.9880185,1.9596899,-0.11587465
6.5538383,6.5538383,1.9979358,0.18077022
6.26639,6.26639,1.6930352,0.29609662
5.3557634,5.3557634,1.6666043,0.36280912
3.414435,3.414435,1.4652644,-1.473932
5.646778,5.646778,1.6270092,0.30367285
3.9724507,3.9724507,1.2859871,0.28130925
4.0393505,4.0393505,1.3446144,0.14943552
6.1231422,6.1231422,1.6810471,0.14762133
3.1386132,3.1386132,1.3971268,0.3370586
5.503922,5.503922,1.8292959,0.010530889
5.188555,5.188555,1.6413751,0.2083028
6.7706013,6.7706013,1.7172564,0.15850276
7.787076,7.787076,1.893096,0.33897322
5.0066137,5.0066137,1.6057606,0.32077736
4.9075766,4.9075766,1.6824307,0.275885
6.3838334,6.3838334,1.8698014,0.36797392
3.8918693,3.8918693,1.6061828,-0.38402987
4.7345953,4.7345953,1.6853924,0.30331576
4.7315044,4.7315044,1.7626307,0.24295926
7.3991585,7.3991585,1.9188691,0.28568506
6.086956,6.086956,1.913694,0.23162687
4.3821735,4.3821735,1.5848235,0.30309898
5.951927,5.951927,1.8248086,0.26604366
4.752223,4.752223,1.5798953,0.31499487
6.3163943,6.3163943,1.8329381,0.23401374
7.6353974,7.6353974,1.9454038,0.37986618
3.4791808,3.4791808,1.4685454,0.09461725
3.6718168,3.6718168,1.3691771,0.3394342
3.5509286,3.5509286,1.5832306,-0.073244095
3.8072045,3.8072045,1.5267601,0.04026723
5.1109705,5.1109705,1.66117,0.2826708
2.4657354,2.4657354,1.2461655,0.3181439
4.284717,4.284717,1.5217396,0.3351189
7.8414493,7.8414493,2.0905366,0.46254057
2.7035713,2.7035713,1.242382,0.31861752
2.102127,2.102127,1.162801,0.3653956
8.754635,8.754635,2.1556177,0.35593462
3.9750142,3.9750142,1.4349223,0.006003797
3.1400373,3.1400373,1.3176317,0.24379158
3.3676453,3.3676453,1.4896795,0.31016827
4.836442,4.836442,1.5731058,0.41810405
4.843197,4.843197,1.495667,0.4979822
5.5358815,5.5358815,1.6122235,0.17405462
4.1230826,4.1230826,1.3113492,0.37902093
4.3418207,4.3418207,1.5033474,0.44396895
4.329966,4.329966,1.5180686,0.5015867
6.57928,6.57928,1.8462136,0.32513446
6.165637,6.165637,1.8942738,0.32481956
2.4795055,2.4795055,1.3270633,0.11839801
3.7542179,3.7542179,1.4025816,-0.17779386
4.2597027,4.2597027,1.664155,0.42538065
3.2394795,3.2394795,1.3038847,0.1851567
7.4661546,7.4661546,1.7681735,0.3171363
5.6823087,5.6823087,1.7198452,0.2726645
3.1270068,3.1270068,1.3119535,0.38040733
8.100727,8.100727,1.9734311,0.1234625
4.0069876,4.0069876,1.58701,0.21320128
2.8708925,2.8708925,1.4049392,0.39360684
4.6348963,4.6348963,1.7554462,0.347969
4.7496996,4.7496996,1.728328,0.38767564
3.8397782,3.8397782,1.5735158,0.13905567
5.052117,5.052117,1.6910062,0.07020712
4.402909,4.402909,1.5364255,0.33501792
3.5248537,3.5248537,1.4212589,0.059058845
4.596431,4.596431,1.4300733,0.30115145
10.749136,10.749136,2.319234,0.3116681
8.883734,8.883734,1.8678814,0.30238163
3.1990902,3.1990902,1.2787745,0.1808281
4.296224,4.296224,1.5645615,0.25443798
4.179696,4.179696,1.5133455,0.39752126
2.7880936,2.7880936,1.2815969,0.38243395
5.0996866,5.0996866,1.5572789,0.50548494
3.242989,3.242989,1.4920684,0.50077856
6.1220856,6.1220856,1.9873857,-0.11806953
5.652375,5.652375,1.9215635,0.35852462
5.061865,5.061865,1.3672535,0.4795311
1.9906534,1.9906534,1.027906,0.2503019
5.875366,5.875366,1.811908,0.10256934
4.08405,4.08405,1.4047216,0.5867114
3.9751983,3.9751983,1.533616,0.066161275
6.5734043,6.5734043,1.8310015,0.22940284
3.4697702,3.4697702,1.5117829,0.35508108
3.6573937,3.6573937,1.4783305,0.43732405
2.559145,2.559145,1.2070076,0.48004675
3.0598679,3.0598679,1.4225535,0.2342853
4.6506605,4.6506605,1.8958297,0.18898565
5.5537777,5.5537777,1.6965333,0.31899554
5.976877,5.976877,1.8539237,0.24700761
5.464423,5.464423,1.8717638,0.44642168
3.9041324,3.9041324,1.6153231,0.42691636
5.113406,5.113406,1.7148819,0.40172213
6.963293,6.963293,1.5932245,0.17386025
3.9386294,3.9386294,1.6829987,0.29784882
4.5783815,4.5783815,1.6076491,0.2737006
2.1604786,2.1604786,1.0892421,0.71185684
3.7964735,3.7964735,1.5272579,0.21557933
3.3465288,3.3465288,1.3465979,0.39154023
7.8750114,7.8750114,1.8433987,0.31521642
2.513093,2.513093,1.3629637,0.052501023
3.2859826,3.2859826,1.4094828,0.13721895
8.950861,8.950861,2.2285101,0.44567996
2.2005796,2.2005796,1.2025105,0.23039836
5.7250834,5.7250834,1.7764852,0.5019975
5.378994,5.378994,1.9443531,-0.11139822
5.1088595,5.1088595,1.6350116,0.128088
3.4132166,3.4132166,1.3963441,0.493679
3.6659985,3.6659985,1.418741,0.5131653
2.432988,2.432988,1.1710842,0.04185015
3.4165404,3.4165404,1.5598879,0.26609242
3.6545691,3.6545691,1.4414754,0.15790308
4.6423883,4.6423883,1.5749679,0.517625
2.2407608,2.2407608,1.1148912,0.5010787
3.868038,3.868038,1.5982401,0.33453113
9.3964405,9.3964405,2.2932613,0.432132
5.113549,5.113549,1.5318388,0.29686123
4.6216035,4.6216035,1.6840514,0.44375622
3.3947353,3.3947353,1.3087591,0.011317134
3.471709,3.471709,1.4855917,0.24280512
5.5326724,5.5326724,1.9426429,0.24970776
6.6564827,6.6564827,1.876192,0.27425063
2.3309317,2.3309317,1.2595347,0.26166832
3.2711601,3.2711601,1.4443088,0.42475218
6.7448936,6.7448936,1.873644,0.33735287
5.1089582,5.1089582,1.58499,0.3346594
1.8272105,1.8272105,1.1279151,0.51875937
3.2608466,3.2608466,1.4619155,0.1781671
5.368734,5.368734,1.7296144,0.2558766
2.0343757,2.0343757,1.0425415,0.3851238
5.901296,5.901296,1.787143,0.3925485
5.5470867,5.5470867,1.7330877,0.18749583
5.0001144,5.0001144,1.7796047,0.49440926
5.980899,5.980899,1.8458996,0.38236785
3.8864164,3.8864164,1.504332,0.44695795
4.141509,4.141509,1.5520234,0.009639144
3.752643,3.752643,1.3954215,0.35340625
5.9422917,5.9422917,1.7940283,0.42762613
6.4339485,6.4339485,1.9893297,0.13493127
4.3862667,4.3862667,1.6167638,-0.0010111332
2.155231,2.155231,1.1373429,0.40481216
4.41881,4.41881,1.5864825,0.41197383
3.1373951,3.1373951,1.2562206,0.44751632
4.816547,4.816547,1.7133082,0.37843174
3.9251626,3.9251626,1.4886383,0.12698382
2.601242,2.601242,1.168738,0.32803434
6.667383,6.667383,2.0890412,0.37288505
3.8884943,3.8884943,1.3514302,0.47909236
6.071816,6.071816,1.5514672,0.5406036
3.423708,3.423708,1.5236692,0.338888
3.2130408,3.2130408,1.3647907,0.3052885
3.0826128,3.0826128,1.4248085,0.14755726
3.8420649,3.8420649,1.4309,0.33888853
7.406877,7.406877,1.8768005,0.17620915
3.3065004,3.3065004,1.3509452,0.32820308
5.8027754,5.8027754,1.7002009,0.5831901
6.460407,6.460407,1.8817081,0.4084363
2.2678244,2.2678244,1.2653341,0.5392357
4.051836,4.051836,1.5337955,0.39473665
2.5745077,2.5745077,1.2804098,-0.15222728
4.394041,4.394041,1.6802912,0.5617941
6.339557,6.339557,1.7649432,0.24795449
4.1334367,4.1334367,1.6772835,0.3640867
6.728557,6.728557,2.116429,0.3882587
2.5707927,2.5707927,1.3040724,0.7142323
2.441197,2.441197,1.0492538,0.6049019
4.109367,4.109367,1.626421,0.32908297
3.9904003,3.9904003,1.5117053,0.32033104
10.457453,10.457453,2.204791,0.25340366
5.6505036,5.6505036,1.7924361,0.30321342
3.3360777,3.3360777,1.420572,0.49997896
4.44512,4.44512,1.5569191,-0.22623992
4.0495186,4.0495186,1.6490524,0.032047868
3.6563387,3.6563387,1.4250097,0.27426034
1.6509498,1.6509498,0.9579701,0.47430283
2.862064,2.862064,1.1880119,0.39547163
8.880709,8.880709,2.176651,0.30084985
3.3732338,3.3732338,1.5768824,0.20336914
3.524137,3.524137,1.4020736,0.40322202
6.3707495,6.3707495,1.8596771,0.339979
3.6009908,3.6009908,1.4457737,0.27470207
3.2192466,3.2192466,1.5222206,0.53778625
4.9748154,4.9748154,1.7961617,0.29521155
1.9486002,1.9486002,1.0225999,0.089289546
5.260624,5.260624,1.6877427,0.17022812
3.3775396,3.3775396,1.4124463,0.3137697
6.0354137,6.0354137,1.7951807,0.4773119
5.321027,5.321027,1.7238743,0.38579136
2.0610685,2.0610685,1.0999037,0.55398685
3.46165,3.46165,1.4181417,0.39093995
4.9706516,4.9706516,1.5266579,0.14425904
8.619366,8.619366,2.2305183,0.53777266
3.6493518,3.6493518,1.5194695,0.4688834
4.450074,4.450074,1.6274519,0.48724252
4.3932366,4.3932366,1.7665343,0.31589502
5.4319453,5.4319453,2.0289762,-0.5519844
5.325244,5.325244,1.6523039,0.4051435
4.222223,4.222223,1.7139938,0.21886969
4.5862617,4.5862617,1.6135259,0.29442126
2.7254436,2.7254436,1.1832097,-0.14052069
3.0517385,3.0517385,1.3795602,-0.5498861
6.0853066,6.0853066,1.7519152,0.11837095
3.3492863,3.3492863,1.3074597,0.37403375
2.9748933,2.9748933,1.3835318,-0.064020514
2.8955488,2.8955488,1.3281336,0.3780067
3.761137,3.761137,1.5137577,0.20752996
11.994943,11.994943,2.221929,0.12007868
4.593354,4.593354,1.4820883,0.36429316
6.796301,6.796301,1.8793992,0.14197856
4.6934123,4.6934123,1.643083,0.30134404
6.1533937,6.1533937,1.6729522,0.29675502
4.265765,4.265765,1.5013375,0.3773138
3.1012635,3.1012635,1.4484177,0.43573314
5.9932156,5.9932156,1.8382874,0.40898204
1.554065,1.554065,1.0447756,0.6202905
4.7070227,4.7070227,1.7440814,0.33936524
3.9008415,3.9008415,1.643515,0.3136664
3.2431924,3.2431924,1.3855621,0.08055675
4.4517636,4.4517636,1.5544126,0.31470144
6.0915604,6.0915604,1.6953369,0.39836442
4.3538704,4.3538704,1.6715086,0.24892801
4.049946,4.049946,1.5161797,0.37306958
5.464551,5.464551,1.7944391,0.17794913
7.9242225,7.9242225,2.2274008,0.3991111
2.8228803,2.8228803,1.4186172,0.6106372
5.421444,5.421444,1.7034537,0.32814246
4.627983,4.627983,1.7531773,-0.038934946
3.5228715,3.5228715,1.2674298,-0.44760048
4.5392323,4.5392323,1.760293,0.37084818
6.348954,6.348954,1.918364,0.46914923
4.8746614,4.8746614,1.44292,0.4468469
4.2624807,4.2624807,1.715019,0.51583135
3.132638,3.132638,1.3665794,0.2629087
4.307113,4.307113,1.7136893,0.047617376
6.740007,6.740007,1.8708687,0.45219725
4.688594,4.688594,1.6205719,0.39126158
3.7468858,3.7468858,1.4395629,0.5746329
2.8399458,2.8399458,1.3780305,0.4919454
2.8244767,2.8244767,1.3225821,0.2460208
2.4416742,2.4416742,1.216243,-0.685835
3.6042175,3.6042175,1.3969758,0.23110026
3.883203,3.883203,1.4388134,0.029199243
3.1843767,3.1843767,1.3378323,0.35455233
3.7618058,3.7618058,1.3611736,0.56021357
3.5985184,3.5985184,1.4030925,0.3072226
4.3065147,4.3065147,1.4634869,0.36630678
4.7661567,4.7661567,1.4775957,0.2813217
5.842607,5.842607,1.750861,0.3010713
5.8174005,5.8174005,1.6952517,0.42343998
2.6557395,2.6557395,1.2462325,0.7236023
4.19672,4.19672,1.6376829,0.53526103
3.8438535,3.8438535,1.5032358,0.29295743
6.0274587,6.0274587,1.8677074,0.18806285
3.0387483,3.0387483,1.3809922,0.101450145
2.7234697,2.7234697,1.2518265,0.24030697
5.760125,5.760125,1.7026306,0.5394418
4.3810024,4.3810024,1.5002688,0.57111406
3.7631798,3.7631798,1.3354778,0.2678138
3.3339405,3.3339405,1.3616893,0.49964017
3.2879567,3.2879567,1.3155352,0.2583992
3.2288384,3.2288384,1.3199344,0.5292139
5.5699263,5.5699263,1.9579127,0.32859278
2.9304032,2.9304032,1.2692646,0.53513044
5.20103,5.20103,1.7440886,0.4442973
2.8653147,2.8653147,1.3765684,0.124415934
4.6930137,4.6930137,1.5809451,0.5924244
3.4278646,3.4278646,1.3695502,0.4098633
2.8141532,2.8141532,1.3040887,0.3354029
3.5399568,3.5399568,1.6039197,0.3643844
4.26397,4.26397,1.7507347,0.47821403
2.2607675,2.2607675,1.1684439,0.38804495
4.330683,4.330683,1.3820964,0.41642064
5.2697806,5.2697806,1.6773417,0.53763556
4.8484354,4.8484354,1.702428,0.4458931
1.8518735,1.8518735,1.1540245,0.5847781
2.8045788,2.8045788,1.1225337,0.48679614
2.6526418,2.6526418,1.2569625,0.578148
5.535986,5.535986,1.7610375,0.31035894
4.397747,4.397747,1.6722318,0.63948005
2.6931572,2.6931572,1.316709,-0.53295887
3.7385888,3.7385888,1.3869975,-0.2564211
3.2230883,3.2230883,1.5285141,0.47612023
4.4058857,4.4058857,1.637438,0.3171444
7.4040756,7.4040756,1.9244676,0.25427622
5.124902,5.124902,1.7394238,0.32788175
4.7050815,4.7050815,1.6320875,0.5648086
4.0346847,4.0346847,1.5357354,0.29399914
4.3781586,4.3781586,1.6928182,0.19235557
5.14725,5.14725,1.8686523,-0.07304239
4.8827457,4.8827457,1.7869842,0.052863896
4.526082,4.526082,1.7150567,0.6780559
2.588037,2.588037,1.1723062,0.55785036
3.9093797,3.9093797,1.4355054,0.4457698
4.267456,4.267456,1.4990895,0.46130735
3.561832,3.561832,1.552666,0.4285891
4.9081297,4.9081297,1.6000772,0.53255904
3.5232098,3.5232098,1.5297463,0.23934919
3.6972983,3.6972983,1.3461508,0.42347592
4.009557,4.009557,1.6333333,0.5256169
2.8323936,2.8323936,1.2784374,0.4729473
4.314893,4.314893,1.5451722,0.26895267
3.31982,3.31982,1.4389775,0.6143948
2.3721004,2.3721004,1.1795216,0.6833489
4.3220396,4.3220396,1.6250904,0.48680794
2.7759178,2.7759178,1.2621087,0.092812836
3.8712208,3.8712208,1.3510712,0.22317654
3.438751,3.438751,1.5718734,0.5334816
3.5692687,3.5692687,1.3100591,0.45667738
3.3746953,3.3746953,1.1927584,0.53844154
6.4683456,6.4683456,1.6451806,0.51624405
2.4009988,2.4009988,1.2095629,0.65928173
2.7984977,2.7984977,1.3681667,0.58128846
3.0884757,3.0884757,1.3833244,0.22313946
2.812535,2.812535,1.4098113,0.5908459
5.9284954,5.9284954,1.9585788,-0.79184747
4.0027366,4.0027366,1.6478727,0.36590314
3.6408515,3.6408515,1.3497647,0.6062281
4.5699525,4.5699525,1.3967568,0.4521038
4.3760443,4.3760443,1.5494937,0.40084648
2.855205,2.855205,1.2152078,0.56902564
8.257678,8.257678,2.019113,0.45726174
3.2217698,3.2217698,1.3805624,0.32159323
3.0756187,3.0756187,1.1847086,0.5673855
4.0903897,4.0903897,1.606756,0.59597194
2.2731214,2.2731214,1.3273025,0.3938343
4.917465,4.917465,1.8328615,0.4754157
4.506408,4.506408,1.666429,0.53175426
3.2147846,3.2147846,1.1937494,0.13913715
2.535605,2.535605,1.2024887,0.4431783
2.8313465,2.8313465,1.2934525,0.43899018
1.8243861,1.8243861,1.0796796,0.29697222
3.379426,3.379426,1.4874308,0.29304755
4.9039273,4.9039273,1.5181938,0.5912063
5.633915,5.633915,1.8658813,0.5399419
2.8133082,2.8133082,1.3626196,0.5427258
4.0189476,4.0189476,1.5675788,0.4380936
4.8805394,4.8805394,1.6301789,0.52307737
5.151556,5.151556,1.7776436,0.17043662
2.994764,2.994764,1.4167542,0.5593277
3.131297,3.131297,1.2186627,0.47262365
2.6123173,2.6123173,1.3812413,0.015090942
2.8903518,2.8903518,1.3937135,-0.06349993
3.8740506,3.8740506,1.5162051,0.27023035
4.630414,4.630414,1.5835942,0.4870404
5.2173004,5.2173004,1.5067445,0.5522531
3.4439325,3.4439325,1.4763684,0.092956066
4.4029093,4.4029093,1.5585802,0.22372949
4.496772,4.496772,1.473943,0.45390248
3.534299,3.534299,1.3900694,0.31338984
2.3819668,2.3819668,1.2620428,0.5014035
3.1296492,3.1296492,1.4494154,-0.10394788
4.5925875,4.5925875,1.6620698,0.52896535
4.343689,4.343689,1.5913129,0.45855904
3.6305017,3.6305017,1.4179944,0.20153916
2.8913236,2.8913236,1.2200053,0.6444439
4.3873796,4.3873796,1.5125159,0.5454596
3.8421476,3.8421476,1.530975,0.49522275
3.4619374,3.4619374,1.2887604,0.42664987
3.8727598,3.8727598,1.5396233,0.5662577
3.9108474,3.9108474,1.4659836,0.4963265
3.0309992,3.0309992,1.4471062,0.42266685
3.7344713,3.7344713,1.4647241,-0.02248621
5.4885273,5.4885273,1.8116853,0.3610446
4.869292,4.869292,1.5305345,0.44647485
5.3644333,5.3644333,1.604944,0.47664064
4.5104437,4.5104437,1.6829696,0.27103943
3.4315395,3.4315395,1.4258875,0.29098135
3.7626622,3.7626622,1.5968747,0.2668
5.111043,5.111043,1.6878445,0.5273024
1.3428764,1.3428764,0.97616845,0.5968039
2.5944524,2.5944524,1.2757323,-0.512938
3.295131,3.295131,1.4267745,0.45330298
5.249358,5.249358,1.6811004,0.5724354
2.0143075,2.0143075,1.1000763,0.18889076
2.421183,2.421183,1.2289402,0.468875
1.5545709,1.5545709,0.847399,0.2599346
3.118928,3.118928,1.3615799,0.29465938
4.340147,4.340147,1.531911,-0.04449129
6.668988,6.668988,1.990073,0.44927067
4.9935064,4.9935064,1.7881625,0.5603688
2.2423263,2.2423263,1.0480936,0.24839866
5.8363905,5.8363905,1.986208,0.54829836
4.8095655,4.8095655,1.7439278,0.51744825
6.7571225,6.7571225,2.1388612,0.148709
4.0082197,4.0082197,1.6500689,0.46771926
3.0771337,3.0771337,1.394426,-0.44341958
4.842957,4.842957,1.5146215,0.48341793
4.350095,4.350095,1.6386586,0.4374925
1.7354124,1.7354124,1.1036158,0.24444634
4.5977373,4.5977373,1.4188952,0.6427858
2.9332228,2.9332228,1.3345664,0.61844254
2.607523,2.607523,1.2528583,0.48877972
2.12961,2.12961,1.1098332,0.6295701
4.8682737,4.8682737,1.8635298,0.5390984
3.580191,3.580191,1.5535136,0.09074515
4.185816,4.185816,1.4062637,0.46867692
4.825969,4.825969,1.6866739,0.5720651
2.5678868,2.5678868,1.2542715,0.35535276
1.8984658,1.8984658,1.0541775,0.50957894
3.146338,3.146338,1.4567355,0.52501106
4.613305,4.613305,1.6300638,0.38029325
3.282975,3.282975,1.471343,0.66741526
3.2846441,3.2846441,1.3143811,0.6092163
2.1539588,2.1539588,0.9796113,0.6404802
3.066019,3.066019,1.1963859,0.5537801
2.7999294,2.7999294,1.2389351,0.59250605
3.2213707,3.2213707,1.3452619,0.5281528
4.5236273,4.5236273,1.7285743,-0.5083668
3.9749947,3.9749947,1.5521579,0.53674513
1.833899,1.833899,0.9825993,0.5104503
3.0754042,3.0754042,1.3740923,0.09609246
2.898488,2.898488,1.3293207,0.3710422
4.905864,4.905864,1.4933044,0.39144707
